AD,G6A,G1A,WD,,/C
,ALS,,,,
TU,ZT,,AF,,/T
FV,ZF,,AN,,/T
AX,,,,,/T
BO,ZL,ZL1,BO2,,/G
BP,G6B,G1B,WB,,/C
BR,,,,,
C,ZC,ZC1,C2,,/G
CC9,CC,,CC2,,/S
CD,G6C,G1C,WC,,/C
CG,,,,,/T
CL,CL3,CL1,CL2,,/E
CR,,,,,
CT9,CT,CT1,CT2,,/S
DJ,ZD,,DJ2,,/I
DX9,DX,,DX2,,/C
,E7,,,,/C
,EBI,,,,/T
,EBM,,,,/T
,EBS,,,,/T
ED,GE,,WE,,/T
,EEI,,,,/T
EM,,,WV,,
,EMD,,,,/I
EN,EN3,EN1,EN2,,/I
,ER2,ER1,,,/I
,ES,ES1,,,/I
EU,G6E,G1E,WU,,/C
,EX,,,,/I
F,,,,,
,FB,,,,
FC,GF,GF1,FC2,,/L
,FCE,,,,/I
FF,ZQ,,FFA,,/T
,GBM,,,,
,GBS,,,,
GC,GC3,GC1,GC2,,/M
GI,,,,,
,GX,,,,/I
HC,,,,,
HG,HG3,HG1,HG2,,/M
HO,HO3,HO1,HO2,,/E
,HS,,,,/I
HU,,,HU2,,/E
,IC,,,,/E
,IFM,,,,
,IFS,,,,
,INI,,,,
,IP,,,,/E
,J7,,,,/C
JE,,,,,
,JG,JG1,,,/T
JGL,,,,,
,JI,JI1,,,/I
,JKE,,,,
,,JNE,,,
,JN3,JNI,,,/I
,,JNW,,,
JO9,JO,,JO2,,/S
,JRU,,,,
JY,G6J,G1J,WY,,/C
KC9,KC,KC1,KC2,,/S
KW,KW3,,KW2,,/G
LB,LB3,,,,/S
LC,LE,,LC2,,/L
LH,HE,,LH2,,/L
,LL,,,,/T
,LU,,,,/T
,MAW,,,,
,MAY,,,,
MB,ZU,,AM,,
MD,,,,,/I
MP,G6M,,,,/C
MU,,,,,
MV,,,,,
MW,MWE,,,,/G
ND,ND3,,ND2,,/I
NG,NG3,NG1,NG2,,/E
NK,NK3,,NK2,,/I
,NQ,NQ1,,,/I
NR,ZR,,NR2,,/G
O,ZO,,O2,,/G
PA,PA3,PA1,PA2,,/M
PB,GPB,,PB2,,/L
PL,PL3,PL1,PL2,,/M
PN,,,,,
R9,R,,R2,,
RB,RB3,RB1,RB2,,/E
RL9,RL,,RL2,,/I
RS,,,,,/G
RT,RT3,,RT2,,/I
S,ZS,ZS1,S2,,/G
SB9,SB,,SB2,,/S
SE9,SE,,SE2,,
SF,G6S,G1S,WF,,/C
,SG,,,,/I
SI,SI3,SI1,SI2,,/M
SM,ZM,ZM1,SM2,,/G
,SOY,,,,
SP,SP3,,WP,,/I
,AP,AP1,,,/I
,SR,,,,/T
STW,TW3,TW1,TW2,,/I
,SU,,,,/I
,SUF,,,,
SY,,,,,
,TMI,,,,
TQ,ZB,ZB1,US,,/T
TT,ZN,ZN1,TY,,/T
W,ZW,ZW1,W2,,/G
,WSA,,,,
,XB,,,,
XC,XC3,,XC2,,/G
,XK,,,,/M
XS,XS3,,XS2,,/G
XW,XW3,,XW2,,/G
,XY,,,,/M
,YB2,YB,,,/T
,YC2,YC,,,/T
,YM,YM1,,,/I
,YT2,YT,,,/T
YU,,,,,
,LCC,,,,/S
,LCF,,,,/S
,LSU,,,,/S
,LWH,,,,/G
,ZX,,,,/I
AG,,,,,
BC,,,,,
CA,,,,,
CB,,,,,
,CCC,,,,
,CF,,,,
CI,,,,,
CP,,,,,
DM,,,WM,,/C
DU,,,,,
EC,,,,,
EG,,,,,
EH,,,,,
EV,,,,,
,FEI,,,,/T
FI,,,,,
,FL,,,,
,FLI,,,,
FR,,,,,
,FU,,,,
FZ,,,,,
,GBL,,,,
GH,,,,,
IU,,,,,
KI,,,,,
KV,,,,,
ME,,,,,
ML,,,,,
,MLT,,,,
MN,,,,,
NH,,,NH2,,
NI,,,NI2,,
NW,,,,,
NZ,,,,,
,OOO,,,,
PD,,,,,
PT,,,,,
QL,,,,,
SH,,,,,
SO,,,,,
SV,,,,,
TB,,,WT,,
,TTT,,,,
WI,,,,,
WO,,,,,
WR,,,,,
WW,,,,,
XD,,,,,
XE,,,,,
XF,,,,,
XH,,,,,
XJ,,,,,
XL,,,,,
XM,,,,,
XO,,,,,
XP,,,,,
XT,,,,,
XU,,,,,
YX,,,,,
LBA,,,,,
,ZG,,,,/M
,ZI,,,,/M
,QM,,,,/E
,QG,,,,/E
NE,G6N,G1N,NE2,,/C
,TF,TF1,,,/I
AC,ZE,,,,/E
UL,UB,UB1,UC,,/T
